"Subject","Start Date","Start Time","End Date","End Time","Description","Location","Private","All Day Event"
"Meeting3","2025-03-02","00:00","2025-03-02","23:59","","","","True"
"Meeting One","2025-03-05","02:30","2025-03-05","03:30","PDPLecture","","","False"
"Meeting1","2025-03-07","02:30","2025-03-07","03:30","","","","False"
"Meeting1","2025-03-08","02:30","2025-03-08","03:30","","","","False"
"Meeting1","2025-03-10","02:30","2025-03-10","03:30","","","","False"
"Meeting1","2025-03-14","02:30","2025-03-14","03:30","","","","False"
"Meeting1","2025-03-15","02:30","2025-03-15","03:30","","","","False"
"Meeting1","2025-03-17","02:30","2025-03-17","03:30","","","","False"
"Meeting1","2025-03-21","02:30","2025-03-21","03:30","","","","False"
"Meeting1","2025-03-22","02:30","2025-03-22","03:30","","","","False"
"Meeting two","2025-03-07","04:30","2025-03-07","08:30","","","","False"
"Meeting two","2025-03-08","04:30","2025-03-08","08:30","","","","False"
"Meeting4","2025-04-05","00:00","2025-04-05","23:59","","Boston","","True"
"Meeting4","2025-04-07","00:00","2025-04-07","23:59","","Boston","","True"
"Meeting4","2025-04-11","00:00","2025-04-11","23:59","","Boston","","True"
"Meeting4","2025-04-12","00:00","2025-04-12","23:59","","Boston","","True"
"Meeting4","2025-04-14","00:00","2025-04-14","23:59","","Boston","","True"
"Meeting4","2025-04-18","00:00","2025-04-18","23:59","","Boston","","True"
"Meeting4","2025-04-19","00:00","2025-04-19","23:59","","Boston","","True"
"Meeting4","2025-04-21","00:00","2025-04-21","23:59","","Boston","","True"
"Meeting4","2025-04-06","02:30","2025-04-06","03:30","","Boston","","False"
"Meeting5","2025-05-05","00:00","2025-05-05","23:59","","","","True"
